{"cameraMode":{"drawMode":0,"name":"Shaded","section":"Shading Mode"},"sceneLighting":true,"audioPlay":false,"sceneViewState":{"m_AlwaysRefresh":false,"showFog":true,"showSkybox":true,"showFlares":true,"showImageEffects":true,"showParticleSystems":true,"showVisualEffectGraphs":true,"m_FxEnabled":true},"in2DMode":false,"pivot":{"x":-0.36792391538619997,"y":0.3276323676109314,"z":-1.2615851163864136},"rotation":{"x":-0.2565282881259918,"y":-0.05158570781350136,"z":0.013712434098124504,"w":-0.9650527238845825},"size":2.3315048217773439,"orthographic":false}