{"cameraMode":{"drawMode":0,"name":"Shaded","section":"Shading Mode"},"sceneLighting":true,"audioPlay":false,"sceneViewState":{"m_AlwaysRefresh":false,"showFog":true,"showSkybox":true,"showFlares":true,"showImageEffects":true,"showParticleSystems":true,"showVisualEffectGraphs":true,"m_FxEnabled":true},"in2DMode":false,"pivot":{"x":-0.6663942337036133,"y":2.1738808155059816,"z":-0.4253862500190735},"rotation":{"x":-0.5410197377204895,"y":-0.01841741055250168,"z":0.011851138435304165,"w":-0.8407127261161804},"size":1.7315049171447755,"orthographic":false}