{"cameraMode":{"drawMode":0,"name":"Shaded","section":"Shading Mode"},"sceneLighting":true,"audioPlay":false,"sceneViewState":{"showFog":true,"showMaterialUpdate":false,"showSkybox":true,"showFlares":true,"showImageEffects":true,"showParticleSystems":true},"in2DMode":false,"pivot":{"x":-5.239565849304199,"y":-0.51700758934021,"z":0.260831356048584},"rotation":{"x":-0.24358975887298585,"y":0.04275229573249817,"z":-0.010748645290732384,"w":-0.9688764214515686},"size":4.69592809677124,"orthographic":false}